millis,stamp,datetime,motion
1000, 1565109330, 2019/8/6 16:35:30, Inactive
1999, 1565109331, 2019/8/6 16:35:31, Inactive
2999, 1565109332, 2019/8/6 16:35:32, Inactive
3999, 1565109333, 2019/8/6 16:35:33, Inactive
5000, 1565109334, 2019/8/6 16:35:34, Inactive
5999, 1565109335, 2019/8/6 16:35:35, Inactive
7000, 1565109336, 2019/8/6 16:35:36, Active
7999, 1565109337, 2019/8/6 16:35:37, Active
8999, 1565109338, 2019/8/6 16:35:38, Active
9999, 1565109339, 2019/8/6 16:35:39, Inactive
10999, 1565109340, 2019/8/6 16:35:40, Inactive
11999, 1565109341, 2019/8/6 16:35:41, Inactive
12999, 1565109342, 2019/8/6 16:35:42, Inactive
14000, 1565109343, 2019/8/6 16:35:43, Inactive
14999, 1565109344, 2019/8/6 16:35:44, Inactive
16000, 1565109345, 2019/8/6 16:35:45, Inactive
16999, 1565109346, 2019/8/6 16:35:46, Active
17999, 1565109347, 2019/8/6 16:35:47, Active
18999, 1565109348, 2019/8/6 16:35:48, Inactive
19999, 1565109349, 2019/8/6 16:35:49, Inactive
20999, 1565109350, 2019/8/6 16:35:50, Inactive
21999, 1565109351, 2019/8/6 16:35:51, Inactive
22999, 1565109352, 2019/8/6 16:35:52, Inactive
23999, 1565109353, 2019/8/6 16:35:53, Inactive
24999, 1565109354, 2019/8/6 16:35:54, Active
25999, 1565109355, 2019/8/6 16:35:55, Active
26998, 1565109356, 2019/8/6 16:35:56, Active
27999, 1565109357, 2019/8/6 16:35:57, Inactive
28999, 1565109358, 2019/8/6 16:35:58, Inactive
29999, 1565109359, 2019/8/6 16:35:59, Inactive
30999, 1565109360, 2019/8/6 16:36:0, Inactive
32000, 1565109361, 2019/8/6 16:36:1, Inactive
32999, 1565109362, 2019/8/6 16:36:2, Inactive
33999, 1565109363, 2019/8/6 16:36:3, Active
34999, 1565109364, 2019/8/6 16:36:4, Active
35999, 1565109365, 2019/8/6 16:36:5, Inactive
37000, 1565109366, 2019/8/6 16:36:6, Inactive
37999, 1565109367, 2019/8/6 16:36:7, Inactive
39000, 1565109368, 2019/8/6 16:36:8, Inactive
39999, 1565109369, 2019/8/6 16:36:9, Inactive
40999, 1565109370, 2019/8/6 16:36:10, Inactive
41999, 1565109371, 2019/8/6 16:36:11, Active
42999, 1565109372, 2019/8/6 16:36:12, Active
43999, 1565109373, 2019/8/6 16:36:13, Active
44999, 1565109374, 2019/8/6 16:36:14, Inactive
46000, 1565109375, 2019/8/6 16:36:15, Inactive
46999, 1565109376, 2019/8/6 16:36:16, Inactive
48000, 1565109377, 2019/8/6 16:36:17, Inactive
48999, 1565109378, 2019/8/6 16:36:18, Inactive
49999, 1565109379, 2019/8/6 16:36:19, Inactive
50999, 1565109380, 2019/8/6 16:36:20, Active
51999, 1565109381, 2019/8/6 16:36:21, Active
53000, 1565109382, 2019/8/6 16:36:22, Inactive
53999, 1565109383, 2019/8/6 16:36:23, Inactive
54999, 1565109384, 2019/8/6 16:36:24, Inactive
55999, 1565109385, 2019/8/6 16:36:25, Inactive
56999, 1565109386, 2019/8/6 16:36:26, Inactive
57999, 1565109387, 2019/8/6 16:36:27, Inactive
58999, 1565109388, 2019/8/6 16:36:28, Inactive
59999, 1565109389, 2019/8/6 16:36:29, Inactive
60999, 1565109390, 2019/8/6 16:36:30, Active
62000, 1565109391, 2019/8/6 16:36:31, Active
62999, 1565109392, 2019/8/6 16:36:32, Inactive
64000, 1565109393, 2019/8/6 16:36:33, Inactive
64999, 1565109394, 2019/8/6 16:36:34, Inactive
65999, 1565109395, 2019/8/6 16:36:35, Inactive
66999, 1565109396, 2019/8/6 16:36:36, Inactive
67998, 1565109397, 2019/8/6 16:36:37, Inactive
68999, 1565109398, 2019/8/6 16:36:38, Active
69999, 1565109399, 2019/8/6 16:36:39, Active
71000, 1565109400, 2019/8/6 16:36:40, Inactive
71999, 1565109401, 2019/8/6 16:36:41, Inactive
72999, 1565109402, 2019/8/6 16:36:42, Inactive
73999, 1565109403, 2019/8/6 16:36:43, Inactive
74999, 1565109404, 2019/8/6 16:36:44, Inactive
76000, 1565109405, 2019/8/6 16:36:45, Inactive
76999, 1565109406, 2019/8/6 16:36:46, Active
78000, 1565109407, 2019/8/6 16:36:47, Active
78999, 1565109408, 2019/8/6 16:36:48, Active
80000, 1565109409, 2019/8/6 16:36:49, Inactive
80999, 1565109410, 2019/8/6 16:36:50, Inactive
81999, 1565109411, 2019/8/6 16:36:51, Inactive
82999, 1565109412, 2019/8/6 16:36:52, Inactive
83999, 1565109413, 2019/8/6 16:36:53, Inactive
85000, 1565109414, 2019/8/6 16:36:54, Inactive
85999, 1565109415, 2019/8/6 16:36:55, Active
87000, 1565109416, 2019/8/6 16:36:56, Active
87999, 1565109417, 2019/8/6 16:36:57, Active
88999, 1565109418, 2019/8/6 16:36:58, Inactive
89999, 1565109419, 2019/8/6 16:36:59, Inactive
90999, 1565109420, 2019/8/6 16:37:0, Inactive
91999, 1565109421, 2019/8/6 16:37:1, Inactive
92999, 1565109422, 2019/8/6 16:37:2, Inactive
94000, 1565109423, 2019/8/6 16:37:3, Inactive
94999, 1565109424, 2019/8/6 16:37:4, Inactive
96000, 1565109425, 2019/8/6 16:37:5, Active
96999, 1565109426, 2019/8/6 16:37:6, Active
97999, 1565109427, 2019/8/6 16:37:7, Inactive
98999, 1565109428, 2019/8/6 16:37:8, Inactive
99998, 1565109429, 2019/8/6 16:37:9, Inactive
100999, 1565109430, 2019/8/6 16:37:10, Inactive
101999, 1565109431, 2019/8/6 16:37:11, Inactive
103000, 1565109432, 2019/8/6 16:37:12, Inactive
103999, 1565109433, 2019/8/6 16:37:13, Active
104999, 1565109434, 2019/8/6 16:37:14, Active
105999, 1565109435, 2019/8/6 16:37:15, Inactive
106999, 1565109436, 2019/8/6 16:37:16, Inactive
107999, 1565109437, 2019/8/6 16:37:17, Inactive
108999, 1565109438, 2019/8/6 16:37:18, Inactive
110000, 1565109439, 2019/8/6 16:37:19, Inactive
110999, 1565109440, 2019/8/6 16:37:20, Inactive
112000, 1565109441, 2019/8/6 16:37:21, Inactive
112999, 1565109442, 2019/8/6 16:37:22, Active
113998, 1565109443, 2019/8/6 16:37:23, Active
114999, 1565109444, 2019/8/6 16:37:24, Inactive
115999, 1565109445, 2019/8/6 16:37:25, Inactive
116999, 1565109446, 2019/8/6 16:37:26, Inactive
117999, 1565109447, 2019/8/6 16:37:27, Inactive
119000, 1565109448, 2019/8/6 16:37:28, Inactive
119999, 1565109449, 2019/8/6 16:37:29, Inactive
120999, 1565109450, 2019/8/6 16:37:30, Inactive
121999, 1565109451, 2019/8/6 16:37:31, Active
122999, 1565109452, 2019/8/6 16:37:32, Active
123999, 1565109453, 2019/8/6 16:37:33, Inactive
124999, 1565109454, 2019/8/6 16:37:34, Inactive
126000, 1565109455, 2019/8/6 16:37:35, Inactive
126999, 1565109456, 2019/8/6 16:37:36, Inactive
128000, 1565109457, 2019/8/6 16:37:37, Inactive
128999, 1565109458, 2019/8/6 16:37:38, Inactive
129999, 1565109459, 2019/8/6 16:37:39, Active
130999, 1565109460, 2019/8/6 16:37:40, Active
131999, 1565109461, 2019/8/6 16:37:41, Active
132999, 1565109462, 2019/8/6 16:37:42, Inactive
133999, 1565109463, 2019/8/6 16:37:43, Inactive
135000, 1565109464, 2019/8/6 16:37:44, Inactive
135999, 1565109465, 2019/8/6 16:37:45, Inactive
136999, 1565109466, 2019/8/6 16:37:46, Inactive
137999, 1565109467, 2019/8/6 16:37:47, Inactive
138998, 1565109468, 2019/8/6 16:37:48, Active
139999, 1565109469, 2019/8/6 16:37:49, Active
140999, 1565109470, 2019/8/6 16:37:50, Inactive
142000, 1565109471, 2019/8/6 16:37:51, Inactive
142999, 1565109472, 2019/8/6 16:37:52, Inactive
144000, 1565109473, 2019/8/6 16:37:53, Inactive
144999, 1565109474, 2019/8/6 16:37:54, Inactive
145999, 1565109475, 2019/8/6 16:37:55, Inactive
146999, 1565109476, 2019/8/6 16:37:56, Active
147999, 1565109477, 2019/8/6 16:37:57, Active
148999, 1565109478, 2019/8/6 16:37:58, Active
149999, 1565109479, 2019/8/6 16:37:59, Inactive
151000, 1565109480, 2019/8/6 16:38:0, Inactive
151999, 1565109481, 2019/8/6 16:38:1, Inactive
152999, 1565109482, 2019/8/6 16:38:2, Inactive
153999, 1565109483, 2019/8/6 16:38:3, Inactive
154999, 1565109484, 2019/8/6 16:38:4, Active
156000, 1565109485, 2019/8/6 16:38:5, Active
156999, 1565109486, 2019/8/6 16:38:6, Active
157999, 1565109487, 2019/8/6 16:38:7, Inactive
158999, 1565109488, 2019/8/6 16:38:8, Inactive
160000, 1565109489, 2019/8/6 16:38:9, Inactive
160999, 1565109490, 2019/8/6 16:38:10, Inactive
161999, 1565109491, 2019/8/6 16:38:11, Inactive
162998, 1565109492, 2019/8/6 16:38:12, Inactive
163999, 1565109493, 2019/8/6 16:38:13, Active
164999, 1565109494, 2019/8/6 16:38:14, Active
165999, 1565109495, 2019/8/6 16:38:15, Inactive
167000, 1565109496, 2019/8/6 16:38:16, Inactive
167998, 1565109497, 2019/8/6 16:38:17, Inactive
168999, 1565109498, 2019/8/6 16:38:18, Inactive
169999, 1565109499, 2019/8/6 16:38:19, Inactive
170999, 1565109500, 2019/8/6 16:38:20, Inactive
171999, 1565109501, 2019/8/6 16:38:21, Inactive
172999, 1565109502, 2019/8/6 16:38:22, Active
173999, 1565109503, 2019/8/6 16:38:23, Active
174999, 1565109504, 2019/8/6 16:38:24, Active
176000, 1565109505, 2019/8/6 16:38:25, Inactive
176999, 1565109506, 2019/8/6 16:38:26, Inactive
177998, 1565109507, 2019/8/6 16:38:27, Inactive
178999, 1565109508, 2019/8/6 16:38:28, Inactive
179999, 1565109509, 2019/8/6 16:38:29, Inactive
180999, 1565109510, 2019/8/6 16:38:30, Inactive
181999, 1565109511, 2019/8/6 16:38:31, Active
182999, 1565109512, 2019/8/6 16:38:32, Active
183999, 1565109513, 2019/8/6 16:38:33, Inactive
184999, 1565109514, 2019/8/6 16:38:34, Inactive
185999, 1565109515, 2019/8/6 16:38:35, Inactive
186999, 1565109516, 2019/8/6 16:38:36, Inactive
187999, 1565109517, 2019/8/6 16:38:37, Inactive
188999, 1565109518, 2019/8/6 16:38:38, Inactive
190000, 1565109519, 2019/8/6 16:38:39, Active
190999, 1565109520, 2019/8/6 16:38:40, Active
192000, 1565109521, 2019/8/6 16:38:41, Active
192999, 1565109522, 2019/8/6 16:38:42, Inactive
193999, 1565109523, 2019/8/6 16:38:43, Inactive
194999, 1565109524, 2019/8/6 16:38:44, Inactive
195999, 1565109525, 2019/8/6 16:38:45, Inactive
196999, 1565109526, 2019/8/6 16:38:46, Inactive
197999, 1565109527, 2019/8/6 16:38:47, Inactive
199000, 1565109528, 2019/8/6 16:38:48, Inactive
199999, 1565109529, 2019/8/6 16:38:49, Active
200999, 1565109530, 2019/8/6 16:38:50, Active
201999, 1565109531, 2019/8/6 16:38:51, Inactive
202998, 1565109532, 2019/8/6 16:38:52, Inactive
203999, 1565109533, 2019/8/6 16:38:53, Inactive
204999, 1565109534, 2019/8/6 16:38:54, Inactive
206000, 1565109535, 2019/8/6 16:38:55, Inactive
206999, 1565109536, 2019/8/6 16:38:56, Inactive
208000, 1565109537, 2019/8/6 16:38:57, Active
208999, 1565109538, 2019/8/6 16:38:58, Active
209998, 1565109539, 2019/8/6 16:38:59, Inactive
210999, 1565109540, 2019/8/6 16:39:0, Inactive
211999, 1565109541, 2019/8/6 16:39:1, Inactive
212999, 1565109542, 2019/8/6 16:39:2, Inactive
213999, 1565109543, 2019/8/6 16:39:3, Inactive
214999, 1565109544, 2019/8/6 16:39:4, Inactive
215999, 1565109545, 2019/8/6 16:39:5, Inactive
